index;CD_UNIDADE_EDUCACAO;NSE;indicador_rendimento_(P);provabr_matematica;provabr_portugues;provabr_media_padronizada;IDEB_2015_(N x P);PROFICIENCIA_LP;PROFICIENCIA_MAT;PROFICIENCIA_MEDIA;NIVEL_LP;NIVEL_MAT;NIVEL_MEDIO
0;108;54.43;0.99;219.55;204.56;5.87;5.8;163.72;164.34;158.6;2.38;1.97;2.05
1;191;51.88;0.96;216.51;215.81;6.02;5.8;170.84;163.68;164.73;2.41;1.89;2.07
2;264;50.48;0.99;210.41;200.59;5.63;5.6;144.92;157.32;146.83;2.1;1.98;1.93
3;281;54.01;0.94;225.32;219.49;6.25;5.9;174.89;179.26;174.65;2.55;2.2;2.3
4;299;55.7;1.0;237.32;227.63;6.63;6.6;181.27;183.76;180.57;2.65;2.27;2.34
5;302;53.13;0.97;228.94;222.43;6.38;6.2;172.21;168.28;170.19;2.48;1.98;2.17
6;311;51.23;0.95;218.86;212.12;6.0;5.7;160.71;160.88;158.92;2.36;1.9;2.04
7;418;53.84;0.99;247.31;233.55;6.93;6.9;176.11;178.92;175.92;2.69;2.28;2.36
8;477;52.42;0.97;208.75;207.76;5.73;5.5;158.83;161.76;159.99;2.23;1.89;1.94
9;485;54.99;0.99;222.65;217.7;6.17;6.1;167.57;168.04;165.76;2.41;1.99;2.11
10;540;49.37;0.95;207.92;201.41;5.59;5.3;150.42;151.8;149.63;2;1.59;1.75
11;566;52.45;0.97;220.83;209.31;5.98;5.8;151.17;148.74;146.76;2;1.63;1.72
12;892;53.67;0.97;222.05;224.37;6.28;6.1;178.85;176.78;175.09;2.64;2.13;2.29
13;8834;54.04;0.97;212.42;213.13;5.89;5.7;137.6;144.53;138.59;1.88;1.6;1.61
14;8842;49.01;0.97;211.68;198.75;5.62;5.5;160.57;163.52;157.52;2.33;1.92;1.93
15;9148;53.51;0.95;206.67;198.32;5.51;5.2;158.3;158.12;151.61;2.21;1.88;1.89
16;9156;53.21;0.98;228.43;215.4;6.24;6.1;169.15;178.08;171.92;2.19;1.9;1.97
17;9326;57.01;0.97;211.64;211.68;5.85;5.7;163.56;181.22;169.3;2.28;2.11;2.13
18;9971;50.5;0.93;222.27;208.34;5.99;5.6;160.51;157.44;155.14;2.33;1.9;2.01
19;10049;51.19;0.97;202.9;198.09;5.44;5.3;150.81;143.56;145.41;2.1;1.59;1.76
20;10103;54.12;0.96;223.56;219.9;6.23;6.0;153.18;160.17;151.44;2.14;1.86;1.89
21;10111;52.16;0.99;212.51;203.79;5.72;5.6;153.11;158.8;150.35;2.14;1.84;1.82
22;10120;50.86;0.96;207.5;205.29;5.66;5.4;154.58;153.18;148.86;2.15;1.75;1.83
23;10138;53.03;0.97;213.95;198.87;5.66;5.5;164.11;165.94;160.29;2.38;2.02;2.04
24;10146;51.88;0.97;205.75;191.01;5.36;5.2;150.85;160.34;153.89;2.05;1.78;1.69
25;10154;52.74;0.98;216.14;219.07;6.07;6.0;166.12;164.9;164.89;2.32;1.86;1.99
26;10162;51.93;0.95;224.97;211.99;6.11;5.8;168.91;162.62;160.81;2.38;1.9;2.05
27;10171;52.19;0.97;222.33;217.82;6.17;6.0;147.71;152.03;148.46;2.12;1.71;1.82
28;10405;52.47;0.99;212.68;208.79;5.82;5.8;147.44;136.91;140;2.1;1.58;1.71
29;10413;52.17;0.99;211.84;204.7;5.73;5.7;158.44;153.38;153.17;2.37;1.88;1.98
30;10421;54.41;0.97;225.07;224.4;6.34;6.1;165.57;161.63;159.39;2.4;1.9;2.01
31;11533;50.33;0.94;204.36;209.11;5.67;5.3;132.95;126.11;126.14;1.77;1.35;1.48
32;11851;54.02;0.97;230.96;214.21;6.27;6.1;167.64;176.45;165.91;2.41;2.1;2.1
33;11924;53.31;0.93;225.09;211.6;6.11;5.7;173.22;180.78;173.8;2.52;2.17;2.22
34;12157;52.24;0.99;207.55;202.2;5.6;5.6;144.22;131.21;133.94;2.05;1.42;1.63
35;12688;51.44;0.99;209.56;202.02;5.64;5.6;153.43;149.92;151.06;2.15;1.69;1.82
36;12874;50.43;0.97;206.78;205.48;5.65;5.5;137.82;143.4;134.58;1.85;1.67;1.61
37;12939;52.06;0.96;201.74;192.99;5.32;5.1;164.08;162.11;158.76;2.37;1.83;1.99
38;13510;52.16;0.98;215.4;205.41;5.81;5.7;148.89;151.23;145.72;2.11;1.73;1.77
39;13528;51.07;0.95;185.65;174.89;4.69;4.5;155.01;152.01;148.54;2.2;1.74;1.83
40;13803;50.05;0.95;199.75;189.46;5.22;5.0;135.14;141.41;128.41;1.88;1.6;1.55
41;14249;54.02;0.99;220.15;223.59;6.23;6.2;151.83;141.5;146.26;2.06;1.56;1.78
42;14583;49.56;0.99;204.28;201.33;5.52;5.5;162.16;160.06;156.55;2.24;1.86;1.92
43;14699;52.45;0.99;215.62;209.43;5.89;5.8;168.06;164.42;163.24;2.38;1.9;2.06
44;15024;52.09;0.97;209.4;203.69;5.66;5.5;133.5;133.34;131.52;1.9;1.52;1.6
45;15121;56.52;0.99;223.47;220.28;6.23;6.2;177.17;174.34;171.92;2.53;2.01;2.12
46;15130;54.59;0.98;220.62;211.65;6.02;5.9;160.37;159.17;155.67;2.35;1.84;1.95
47;15296;54.7;0.96;220.87;218.72;6.16;5.9;169.92;163.39;162.53;2.46;1.93;2.08
48;15423;52.55;0.98;220.83;208.74;5.97;5.9;176.71;172.89;171.83;2.58;2.12;2.21
49;15431;52.23;0.96;216.84;213.89;5.99;5.8;149.95;160.12;154.69;2.08;1.86;1.89
50;15440;52.52;0.99;202.69;188.24;5.25;5.2;155.98;157;153.7;2.14;1.75;1.85
51;16497;50.64;0.99;202.6;185.14;5.2;5.2;142.5;141.01;137.05;1.96;1.62;1.71
52;16501;53.84;0.99;229.24;218.44;6.31;6.3;186.59;182.31;181.09;2.68;2.19;2.3
53;16519;51.84;0.98;218.31;213.27;6.01;5.9;159.9;154.87;153.28;2.27;1.75;1.9
54;16527;51.24;0.98;227.19;223.76;6.37;6.2;150.67;152.71;147.03;2.09;1.78;1.79
55;16713;51.16;0.98;216.52;213.56;5.98;5.8;165.23;153.69;157.02;2.25;1.65;1.9
56;16993;52.62;0.98;229.99;219.53;6.34;6.2;179.43;173.72;173.43;2.58;2.06;2.2
57;17272;56.71;0.99;233.48;217.73;6.38;6.3;162.7;165.54;163.39;2.24;1.89;2.05
58;17442;51.9;0.91;209.77;198.26;5.57;5.0;149.26;157.22;147.12;2.02;1.82;1.79
59;17523;51.84;1.0;208.75;198.94;5.56;5.6;156.07;156.45;146.53;2.17;1.82;1.82
60;17973;50.74;0.98;202.63;201.32;5.49;5.4;128.31;134.99;129.2;1.72;1.47;1.52
61;17981;50.59;0.97;214.52;201.18;5.72;5.6;153.61;148.68;148.75;2.21;1.7;1.85
62;18210;56.09;0.98;231.71;222.31;6.43;6.3;165.95;174.89;167.57;2.4;2.12;2.14
63;18511;52.71;0.99;213.05;200.16;5.67;5.6;151.51;153.33;149.43;2.16;1.83;1.85
64;18546;52.97;0.96;213.85;209.6;5.86;5.6;158.06;161.46;156.78;2.32;1.96;2
65;18830;49.32;0.94;221.8;207.89;5.98;5.6;162.32;160.15;156.66;2.28;1.93;1.96
66;19011;51.34;0.96;224.04;218.93;6.22;6.0;169.21;172.19;167.07;2.38;2.04;2.06
67;19020;50.95;0.98;197.28;188.67;5.16;5.1;142.02;143.95;139.98;1.98;1.63;1.7
68;19046;49.17;0.99;220.94;208.45;5.97;5.9;160.17;161.34;157.04;2.31;1.93;1.97
69;19143;54.74;0.97;233.01;220.31;6.42;6.2;155.44;161.88;153.93;2.22;1.92;1.92
70;19160;52.5;0.99;246.63;230.78;6.87;6.8;187.62;182.23;180.12;2.68;2.18;2.32
71;19194;52.83;1.0;213.36;209.36;5.84;5.8;167.59;167.21;162.78;2.39;1.91;2.03
72;19195;50.5;0.96;199.73;191.42;5.26;5.1;145.51;154.19;148.97;2.01;1.79;1.77
73;19196;50.62;0.98;210.06;200.64;5.62;5.5;166.97;159.91;160.12;2.37;1.84;2.01
74;19208;51.99;0.97;224.1;210.16;6.06;5.9;149.11;148.72;146.99;2;1.63;1.73
75;19215;55.13;0.99;237.16;227.17;6.62;6.6;174.96;178.82;172.8;2.55;2.16;2.24
76;19216;51.72;0.96;211.17;199.48;5.62;5.4;133.97;142.11;134.21;1.88;1.63;1.65
77;19217;50.33;0.97;203.01;190.65;5.3;5.2;155.92;162.49;161.9;2.19;1.94;2
78;19218;52.2;0.95;239.15;231.34;6.73;6.4;169.68;165.29;163.99;2.45;2;2.08
79;19219;53.63;0.97;215.86;205.82;5.83;5.6;132.53;135.72;132.72;1.82;1.53;1.59
80;19220;52.03;0.98;204.86;189.08;5.31;5.2;144.82;150.16;143.07;2.04;1.79;1.72
81;19221;52.99;1.0;220.06;211.45;6.01;6.0;168.58;170.23;166.44;2.44;2.1;2.16
82;19222;48.73;0.95;214.38;204.75;5.78;5.5;141.74;138.42;135.38;2.06;1.63;1.67
83;19223;53.21;0.99;209.37;206.97;5.72;5.7;163.38;166.44;161.64;2.23;1.88;1.94
84;19224;51.93;0.95;212.77;208.19;5.81;5.5;174.94;172.99;169.8;2.5;2.06;2.09
85;19225;53.42;0.98;215.91;205.9;5.83;5.7;153.12;154.01;149.71;2.23;1.81;1.89
86;19226;53.49;1.0;219.56;208.81;5.95;5.9;158.31;160.97;157.6;2.25;1.9;1.96
87;19227;52.89;0.99;221.82;204.11;5.91;5.8;158.06;154.78;154.02;2.2;1.78;1.88
88;19228;53.35;0.96;222.08;211.3;6.04;5.8;142.42;136.04;138.48;2.05;1.63;1.75
89;19229;53.37;0.97;237.81;220.05;6.5;6.3;162.73;162.46;159.32;2.3;1.93;2
90;19232;53.17;0.99;220.51;203.33;5.87;5.8;194;199;193;1.16;0.9800995024875622;1.03
91;19233;54.91;0.96;227.24;215.12;6.21;5.9;176.63;173.06;159.53;2.56;2.08;2.04
92;19241;52.9;0.99;224.06;220.28;6.25;6.2;159.49;153.71;151.8;2.25;1.77;1.84
93;19243;54.25;0.95;235.52;220.89;6.47;6.2;160.04;157.18;153.8;2.26;1.79;1.88
94;19244;52.46;0.98;219.97;206.95;5.92;5.8;176.47;181.87;176.11;2.61;2.28;2.27
95;19247;53.41;0.97;230.81;217.5;6.32;6.1;179.82;178.91;175.79;2.69;2.19;2.28
96;19249;52.03;0.96;214.83;207.57;5.84;5.6;154.3;148.55;145.92;2.14;1.64;1.74
97;19251;50.6;0.91;209.05;190.95;5.43;5.0;140.46;144.79;138.52;1.87;1.58;1.64
98;19254;53.58;0.99;225.11;219.1;6.24;6.2;171.81;170.29;165.4;2.47;2.05;2.11
99;19257;52.77;0.97;220.61;213.43;6.05;5.9;146.25;135.77;137.84;2.07;1.51;1.68
100;19260;53.21;0.99;221.45;210.53;6.02;6.0;167.2;165.76;156.86;2.32;1.91;1.94
101;19261;53.35;0.97;209.19;209.87;5.77;5.6;146.67;142.82;143.67;2;1.61;1.72
102;19262;54.75;0.97;201.84;190.6;5.28;5.1;146.01;141.39;138.48;2.05;1.54;1.66
103;19263;57.94;0.97;262.49;234.63;7.24;7.1;176.25;182.09;175.46;2.54;2.26;2.28
104;19264;52.08;0.98;204.63;204.52;5.59;5.5;156.82;157.17;153.68;2.18;1.76;1.88
105;19265;53.07;0.99;205.08;198.88;5.49;5.4;138.99;139.26;138.85;1.96;1.63;1.7
106;19266;53.01;0.96;225.24;207.45;6.03;5.8;173.81;171.23;165.86;2.42;1.96;2.05
107;19267;51.99;0.95;208.91;194.54;5.49;5.2;145.09;146.38;143.65;2;1.69;1.76
108;19269;52.35;0.95;208.82;215.27;5.86;5.5;139.8;139.7;137.7;1.96;1.56;1.67
109;19271;54.4;0.96;221.11;219.17;6.17;5.9;165.43;171.29;165.16;2.33;2.0;2.08
110;19272;53.64;0.96;231.91;220.95;6.41;6.2;162.33;154.67;158.01;2.14;1.7;1.87
111;19274;52.16;0.92;205.93;194.64;5.43;5.0;150.31;158.2;148.74;2.08;1.82;1.83
112;19275;48.96;0.98;213.14;196.76;5.61;5.5;147.89;160;151.88;2.1;1.89;1.88
113;19276;53.12;1.0;215.15;210.47;5.9;5.9;153.86;155.59;153.15;2.18;1.75;1.9
114;19277;52.93;0.99;213.61;209.92;5.86;5.8;159.84;157.28;160.4;2.27;1.83;2.02
115;19278;54.58;0.98;215.09;212.61;5.93;5.8;180.45;173.28;172.26;2.62;2.07;2.25
116;19283;51.08;0.98;205.31;191.07;5.36;5.3;154.25;154.14;150.33;2.18;1.76;1.84
117;19291;51.16;0.97;210.19;197.72;5.57;5.4;164.38;164.56;161.12;2.04;1.65;1.79
118;19303;55.33;0.97;231.45;217.3;6.33;6.2;193.35;190.68;190.32;2.87;2.35;2.52
119;19305;51.82;0.97;210.02;196.71;5.55;5.4;163.51;170.63;164.91;2.31;1.98;2.05
120;19308;53.23;0.98;216.92;201.64;5.77;5.6;157.75;153.68;151.7;2.23;1.73;1.87
121;19313;53.43;0.96;212.97;202.44;5.71;5.5;154.64;159.74;153.57;2.17;1.86;1.91
122;19314;53.1;0.97;221.19;215.29;6.1;5.9;154.61;163.29;153.69;2.25;2.02;1.94
123;19321;53.02;1.0;228.39;223.99;6.4;6.4;147.4;142.22;139.64;2.51;1.93;2.03
124;19322;51.08;0.92;209.9;202.41;5.65;5.2;150.22;151.89;150.65;2.12;1.82;1.8
125;19333;53.83;0.98;219.81;206.94;5.92;5.8;161.54;151.15;154.35;2.39;1.82;1.99
126;19335;53.82;0.97;213.75;209.29;5.85;5.6;155.16;156.59;155.83;2.14;1.75;1.88
127;19336;55.16;0.96;214.7;206.54;5.82;5.6;151.77;153.33;148.98;2.21;1.82;1.89
128;19337;53.42;0.99;215.9;205.44;5.82;5.8;160.49;157.41;154.49;2.29;1.84;1.93
129;19341;53.28;0.99;202.03;199.28;5.44;5.4;146.08;145.77;143.12;2.04;1.62;1.73
130;19347;51.17;1.0;209.31;198.63;5.57;5.6;165.38;169.76;167.17;2.36;2.02;2.08
131;19348;53.48;1.0;213.57;202.87;5.73;5.7;168.33;170.59;165.57;2.4;2.0;2.09
132;19349;52.61;0.99;225.6;214.23;6.16;6.1;154.02;160.31;153.48;2.05;1.79;1.81
133;19350;51.75;1.0;220.68;198.48;5.78;5.8;155.99;164.45;157.58;2.2;1.91;1.96
134;19351;51.21;0.98;218.58;199.0;5.75;5.6;166.35;158.41;161.55;2.26;1.78;1.96
135;19360;53.64;0.99;219.92;218.85;6.14;6.1;178.05;182.68;178.51;2.53;2.17;2.25
136;19361;53.53;0.99;216.55;212.72;5.96;5.9;166.55;166.74;164.12;2.34;1.89;2.03
137;19362;51.92;0.97;210.42;197.26;5.57;5.4;148.87;146.51;144.26;2.08;1.67;1.75
138;19363;52.44;0.99;222.51;220.85;6.23;6.2;169.48;161.91;164.22;2.43;1.84;2.02
139;19365;55.4;0.99;217.2;201.79;5.78;5.7;168.96;173.56;169.25;2.44;2.13;2.15
140;19366;54.93;0.99;228.37;215.91;6.25;6.2;149.85;164.76;150.68;2.13;1.99;1.89
141;19367;52.09;0.97;213.98;213.85;5.94;5.8;147.76;142.48;141.53;2.07;1.61;1.7
142;19369;53.12;0.99;221.92;221.92;6.23;6.2;153.48;157.85;153.42;1.98;1.65;1.76
143;19370;52.99;0.96;237.88;225.05;6.6;6.3;165.46;157.58;156.11;2.34;1.83;1.95
144;19372;51.99;1.0;217.73;208.56;5.91;5.9;159.02;148.59;149.86;2.17;1.68;1.84
145;19373;51.93;0.99;215.1;207.9;5.85;5.8;154.08;152.81;149.79;2.13;1.73;1.81
146;19383;53.4;0.96;221.81;217.01;6.14;5.9;164.31;169.65;165.52;2.21;1.92;2.01
147;19384;49.63;0.97;221.57;199.74;5.82;5.7;141.6;144.49;138.09;1.95;1.6;1.63
148;19385;53.3;0.97;221.16;214.56;6.09;5.9;172.48;172.1;168.75;2.44;1.98;2.12
149;19386;53.24;0.97;211.96;199.66;5.64;5.5;147.15;151.99;142.67;2.14;1.86;1.79
150;19388;50.38;0.99;203.59;191.84;5.34;5.3;138.34;141.97;140.82;1.81;1.54;1.6
151;19389;52.61;1.0;208.23;197.34;5.53;5.5;160.37;151.18;151.92;2.19;1.73;1.87
152;19390;53.63;0.98;204.35;194.29;5.4;5.3;145.43;142.83;136.77;2;1.59;1.66
153;19391;51.43;0.97;206.95;202.88;5.6;5.4;153.2;150.13;149.75;2.12;1.68;1.8
154;19394;52.83;0.99;222.12;209.88;6.02;5.9;155.27;153.24;150.65;2.15;1.73;1.82
155;19395;53.21;0.99;232.54;219.21;6.39;6.3;143.2;140.82;140.69;2.04;1.68;1.75
156;19396;54.4;0.99;231.63;226.25;6.5;6.5;188.17;198.17;191.13;2.79;2.57;2.48
157;19397;58.2;0.99;240.83;231.69;6.77;6.7;170.86;175.63;168.92;2.5;2.12;2.19
158;19398;53.96;0.99;228.49;217.51;6.28;6.2;175.59;177.18;172.4;2.51;2.11;2.16
159;19399;54.93;0.99;223.72;228.05;6.38;6.3;175.9;175.48;170.92;2.47;2.07;2.15
160;19400;53.82;0.96;227.43;211.38;6.15;5.9;163.78;162.61;157.72;2.27;1.83;1.94
161;19401;51.22;0.98;215.13;191.68;5.55;5.4;154.07;155.51;152.11;2.11;1.75;1.82
162;19402;52.72;0.99;206.65;206.98;5.67;5.6;147.66;153.15;148.61;2.11;1.77;1.85
163;19404;53.21;0.98;228.13;218.57;6.29;6.2;182.96;174.63;174.42;2.65;2.05;2.2
164;19405;53.77;1.0;209.37;199.35;5.58;5.6;146.64;151.06;146.22;2.03;1.74;1.77
165;19406;52.82;0.98;224.24;213.7;6.13;6.0;161.58;159.22;158.26;2.31;1.91;2
166;19407;53.21;0.99;226.24;207.86;6.06;6.0;174.9;175.2;171.9;2.49;2.09;2.18
167;19408;52.27;0.97;222.26;215.06;6.12;5.9;169.57;180.6;169.05;2.44;2.2;2.13
168;19409;52.77;0.99;217.26;205.87;5.85;5.8;157.1;159.43;154.31;2.23;1.86;1.91
169;19410;51.34;0.99;220.37;213.72;6.06;6.0;156.66;158.37;152.93;2.22;1.79;1.83
170;19412;50.23;0.98;213.44;204.66;5.76;5.6;155.42;153.86;147.78;2.09;1.71;1.78
171;19413;52.08;0.98;224.65;210.89;6.09;6.0;153.12;147.29;146.57;2.13;1.66;1.8
172;19414;52.13;0.98;202.75;192.23;5.33;5.2;150.83;152.09;151.09;2.01;1.67;1.63
173;19415;53.7;0.98;223.65;215.04;6.14;6.0;160.43;167.64;159.82;2.31;1.99;1.92
174;19416;51.46;0.98;222.43;223.35;6.27;6.2;178.72;184.72;176.6;2.63;2.28;2.31
175;19417;51.4;0.95;209.35;194.92;5.5;5.2;140.87;129.17;127.35;1.9;1.46;1.57
176;19418;56.07;0.97;216.86;205.08;5.83;5.6;168.63;177.92;171.02;2.41;2.15;2.15
177;19419;53.42;0.96;226.77;206.0;6.04;5.8;170.8;170.03;167.9;2.4;2.03;2.07
178;19420;52.49;0.97;218.19;215.74;6.05;5.9;147.18;144;142.27;2;1.58;1.65
179;19421;53.73;0.98;223.52;214.0;6.12;6.0;156.06;164.94;157.23;2.22;1.87;1.98
180;19422;52.32;0.98;219.57;218.61;6.13;6.0;167.46;167.95;161.97;2.34;2.0;2.03
181;19423;51.83;0.97;216.41;207.66;5.87;5.7;156.83;157.81;154.47;2.23;1.86;1.87
182;19424;52.69;0.99;210.88;205.44;5.72;5.7;155.12;153.76;150.01;2.23;1.8;1.88
183;19425;53.21;0.99;200.96;195.86;5.36;5.3;171.73;161.54;161.05;2.51;1.91;2.13
184;19426;51.56;1.0;208.96;208.29;5.74;5.7;167.71;165.71;162.46;2.35;1.9;1.96
185;19427;52.48;0.98;218.5;202.38;5.81;5.7;165.12;151.77;155.49;2.36;1.81;2.03
186;19428;53.21;0.96;211.33;201.85;5.67;5.5;149.53;138.06;141.22;2.11;1.54;1.74
187;19430;53.36;0.97;224.82;213.89;6.14;6.0;175.78;167.91;166.46;2.64;2.07;2.21
188;19431;53.21;0.95;207.0;189.88;5.37;5.1;161.77;171.05;161.05;2.28;2.04;2
189;19433;51.42;0.97;207.1;204.94;5.64;5.5;153.27;149.22;149.16;2.21;1.78;1.88
190;19434;51.09;1.0;207.02;197.49;5.51;5.5;146.61;143.87;143.48;1.99;1.55;1.7
191;19436;53.21;0.97;216.34;212.27;5.95;5.8;168.27;165.9;165.7;2.39;1.95;2.1
192;19437;53.59;1.0;208.57;207.01;5.71;5.7;146.64;151.39;147.77;2.07;1.73;1.78
193;19439;53.89;0.98;221.51;209.3;6.0;5.9;172.33;170.71;171.82;2.41;2.0;2.13
194;19440;53.84;0.95;223.22;210.19;6.05;5.7;162.94;156.13;154.56;2.32;1.82;1.97
195;19443;51.34;0.99;220.63;215.22;6.09;6.0;142.18;144.26;141.37;1.82;1.48;1.61
196;19445;54.39;0.98;228.27;216.28;6.25;6.1;168.71;168.16;166.52;2.38;1.98;2.06
197;19447;52.08;0.98;214.23;203.07;5.74;5.6;158.51;157.63;154.82;2.26;1.83;1.96
198;19449;51.92;0.99;229.54;218.74;6.32;6.3;170.61;171.83;166.45;2.42;2.01;2.09
199;19454;53.21;1.0;229.16;209.21;6.14;6.1;153.49;147.73;145.77;2.2;1.74;1.84
200;19455;52.08;0.97;210.43;210.22;5.8;5.6;162.6;151.49;154.22;2.29;1.71;1.93
201;19456;52.01;0.96;214.25;204.85;5.78;5.5;169.98;168.34;164.44;2.47;2.06;2.09
202;19457;52.68;1.0;215.31;209.5;5.88;5.9;161.55;162.38;159.01;2.32;1.91;2
203;19458;53.8;0.99;217.7;206.18;5.87;5.8;148.03;149.56;149.13;2.15;1.78;1.86
204;19460;53.21;0.97;205.98;196.11;5.46;5.3;143.95;142.65;139.82;1.98;1.6;1.65
205;19462;51.23;0.97;205.49;202.68;5.57;5.4;153.83;153.23;151.61;2.09;1.66;1.78
206;19463;53.72;0.97;228.58;211.38;6.17;6.0;167.32;174.63;165.22;2.44;2.12;2.14
207;19465;50.99;0.99;228.27;217.23;6.27;6.2;167.51;170.62;168.52;2.28;1.9;2.02
208;19466;49.02;0.96;219.55;210.13;5.97;5.8;144.39;155.05;146.75;1.99;1.79;1.77
209;19476;53.25;0.98;213.07;195.49;5.58;5.5;142.07;143.74;141.4;2.01;1.6;1.68
210;19480;49.06;0.97;212.3;201.86;5.69;5.5;145.86;137.85;137.76;2.11;1.63;1.73
211;19487;53.21;0.99;238.17;222.55;6.56;6.5;147.84;149.78;147.2;2.13;1.77;1.85
212;19488;48.65;0.98;202.36;189.68;5.27;5.2;124.88;122.12;120.01;1.67;1.34;1.35
213;19492;53.21;0.96;214.53;206.82;5.82;5.6;145.21;144.53;143.14;2.09;1.66;1.75
214;19496;50.36;0.99;198.66;187.7;5.17;5.1;135.89;138.94;131.91;1.86;1.54;1.57
215;19500;52.48;0.95;225.99;220.75;6.29;6.0;171.95;171.5;168.04;2.52;2.15;2.16
216;19503;53.21;0.99;213.68;210.06;5.86;5.8;144.57;137.87;138.72;2.0;1.54;1.64
217;19505;53.21;0.96;224.73;213.92;6.14;5.9;167.83;162.44;160.68;2.45;1.92;2.05
218;19506;53.21;0.99;225.96;208.31;6.06;6.0;158.75;155.53;153.71;2.37;1.87;1.95
219;19507;53.21;0.99;215.13;198.04;5.67;5.6;168.36;168.64;167.24;2.56;2.12;2.27
220;19526;51.83;0.97;219.55;210.13;5.97;5.8;147.82;141.16;141.59;2.47;1.91;2.02
221;19551;51.81;0.94;220.53;216.16;6.1;5.7;157.75;158.77;152.96;2.21;1.84;1.91
222;19569;53.59;0.98;237.65;221.33;6.52;6.4;156.73;161.72;154.87;2.31;2.0;1.98
223;19585;51.21;0.99;222.26;209.96;6.02;6.0;170.59;171.41;170.46;2.45;2.02;2.12
224;19607;53.04;0.98;210.86;202.63;5.67;5.5;141.39;142.83;139.8;1.95;1.61;1.7
225;19615;54.93;0.99;226.88;215.43;6.21;6.1;163.66;154.76;157.2;2.4;1.83;1.99
226;19631;52.31;0.98;217.18;204.89;5.83;5.7;155.63;159.45;155.9;2.25;1.9;1.96
227;19640;52.3;0.98;230.3;215.37;6.27;6.2;150.58;157.29;150.72;2.06;1.72;1.77
228;19674;51.48;0.96;207.05;203.88;5.62;5.4;139.81;144.61;140.45;1.94;1.63;1.68
229;19691;52.41;0.98;215.37;204.33;5.79;5.7;166.87;168.25;162.3;2.41;2.01;2.08
230;19704;51.92;0.97;208.2;201.61;5.6;5.4;143.9;143.34;139.75;1.94;1.55;1.66
231;19712;54.38;0.97;219.55;210.13;5.97;5.8;180.3;157.92;160.97;3.01;2.26;2.33
232;87319;52.67;0.97;215.45;208.26;5.86;5.7;161.27;161.74;158.34;2.22;1.8;1.9
233;91804;53.99;0.96;238.91;224.47;6.6;6.4;162.8;166.16;161.04;2.39;1.97;2.02
234;92622;49.32;0.97;209.7;198.63;5.58;5.4;160.58;152.81;152.12;2.27;1.77;1.91
235;92681;49.43;0.93;196.68;177.96;4.95;4.6;128.82;131.45;127.84;1.64;1.41;1.39
236;92690;58.79;0.97;221.7;219.91;6.19;6.0;148.48;148.48;149.16;2.13;1.79;1.9
237;92703;54.12;0.99;215.73;191.53;5.56;5.5;158.93;160.69;159.64;2.26;1.9;1.99
238;92711;58.65;1.0;236.31;230.25;6.66;6.6;176.48;174.08;171.89;2.58;2.17;2.23
239;92720;53.39;0.94;209.88;207.29;5.74;5.4;168.89;162.83;159.91;2.5;2.01;2.09
240;92738;53.17;1.0;215.44;209.07;5.88;5.9;155.94;159.56;153.36;2.12;1.76;1.8
241;92746;53.41;0.95;233.83;226.14;6.54;6.2;173.06;183.14;174.73;2.51;2.29;2.27
242;92754;52.53;0.97;212.37;205.98;5.76;5.6;152.9;152.13;152.24;2.17;1.75;1.85
243;92762;52.28;0.99;228.75;224.24;6.41;6.4;163.44;166.79;161.42;2.28;1.96;2
244;92771;53.1;0.99;226.96;206.77;6.05;6.0;166.08;170.3;163.33;2.4;2.07;2.08
245;92789;51.21;0.96;219.47;209.87;5.97;5.7;154.12;145.43;145.48;2.22;1.7;1.85
246;92797;59.25;0.98;227.16;222.99;6.35;6.2;177.86;179.2;175.86;2.52;2.09;2.22
247;92801;51.27;0.96;205.35;190.61;5.35;5.1;153.53;152.62;147.66;2.06;1.72;1.77
248;92819;51.07;0.92;201.48;193.51;5.33;4.9;129.84;121.72;115.09;1.83;1.35;1.43
249;92827;52.26;0.98;207.02;201.42;5.58;5.5;145.4;152.65;145.46;2.01;1.72;1.76
250;92835;53.04;0.94;215.92;207.85;5.86;5.5;159.52;155.49;149.82;2.33;1.87;1.96
251;92843;49.94;0.93;209.52;201.65;5.63;5.2;135.03;138.5;134.56;1.84;1.55;1.6
252;92851;57.8;0.97;233.77;220.02;6.43;6.2;167.1;167.58;165.3;2.38;1.99;2.07
253;92860;51.48;0.98;225.59;213.38;6.15;6.0;150.44;152.02;150.28;2.08;1.74;1.86
254;92878;53.04;0.98;228.09;222.3;6.36;6.3;167.63;161.85;161.46;2.32;1.85;1.99
255;92886;51.58;0.94;205.6;207.13;5.65;5.3;166.91;160;162.71;2.44;1.89;2.08
256;92894;52.42;0.97;210.98;205.54;5.73;5.6;157.89;159.11;155.33;2.24;1.84;1.9
257;92908;51.1;0.92;219.29;209.96;5.97;5.5;156.39;158.89;155.76;2.22;1.84;1.9
258;92916;51.38;0.99;231.93;222.7;6.44;6.4;172.55;178.17;172.9;2.58;2.19;2.24
259;92924;52.9;0.98;211.98;210.03;5.83;5.7;149.72;156.18;149.96;2.06;1.78;1.82
260;92932;51.94;0.97;213.56;202.27;5.72;5.6;159.21;157.66;152.9;2.15;1.75;1.83
261;92941;53.28;0.99;216.42;208.67;5.89;5.8;167.34;159.45;160.83;2.37;1.86;2.01
262;92959;51.73;0.96;215.17;208.4;5.86;5.6;164.03;162.28;160.23;2.34;1.88;1.99
263;92967;51.24;0.97;209.32;197.12;5.54;5.3;166.65;154.42;156.73;2.27;1.7;1.9
264;92975;49.76;0.93;211.79;203.82;5.71;5.3;144.7;143.42;140.43;2.05;1.64;1.77
265;92983;50.12;0.95;206.52;191.07;5.38;5.1;144.3;144.6;138.83;1.99;1.63;1.66
266;92991;52.49;0.97;226.45;214.07;6.18;6.0;169.51;175.18;168.22;2.47;2.11;2.11
267;93009;52.76;0.98;227.28;218.77;6.28;6.1;173.14;170.55;165.14;2.56;2.06;2.18
268;93017;53.85;0.98;213.96;207.24;5.82;5.7;159.77;172.61;163.04;2.28;2.05;1.87
269;93025;52.14;0.96;225.19;207.53;6.03;5.8;153.46;148.2;147.47;2.24;1.72;1.86
270;93033;53.13;0.97;225.44;218.54;6.24;6.1;173.64;176.83;172.53;2.49;2.15;2.2
271;93041;53.0;0.97;217.15;210.22;5.93;5.8;165.83;160.27;160.97;2.39;1.88;2.01
272;93050;53.69;0.97;223.93;216.36;6.17;6.0;154.02;157.52;151.06;2.24;1.91;1.9
273;93068;51.12;0.97;231.01;214.59;6.27;6.1;158.15;170.1;162.04;2.13;1.96;1.92
274;93076;52.14;0.97;226.11;219.51;6.27;6.1;144.3;150;146.57;2.05;1.74;1.84
275;93084;49.86;0.91;217.33;205.8;5.85;5.3;141.81;144.78;140.72;1.97;1.61;1.7
276;93092;51.28;0.99;213.78;205.98;5.79;5.8;155.94;153.72;150;2.11;1.78;1.84
277;93106;49.6;0.94;209.68;191.46;5.45;5.1;142.75;136.97;136.02;2.03;1.55;1.72
278;93114;54.37;0.98;220.78;217.13;6.13;6.0;167.45;161.08;159.86;2.39;1.92;2.07
279;93122;55.77;0.97;246.61;233.76;6.92;6.7;175.78;167.88;168.38;2.52;2.08;2.2
280;93131;54.68;0.96;235.92;235.6;6.75;6.5;185.09;180.87;180.26;2.78;2.18;2.36
281;93149;56.32;0.98;231.16;225.52;6.48;6.3;169.37;175.48;168.28;2.49;2.19;2.18
282;93157;51.91;0.9;229.73;211.72;6.2;5.6;142.78;145.15;139.69;2.11;1.75;1.82
283;93165;53.08;0.91;220.05;212.59;6.03;5.5;165.92;166.68;164.09;2.41;2.03;2.08
284;93173;58.54;0.97;232.5;218.82;6.38;6.2;181.77;176.87;174.77;2.62;2.17;2.26
285;93181;54.98;1.0;222.26;222.33;6.25;6.2;178.15;180.38;178.35;2.53;2.13;2.29
286;93190;54.91;1.0;237.71;219.97;6.5;6.5;166.23;165.82;163.55;2.49;2.09;2.14
287;93203;57.8;0.97;236.18;226.15;6.58;6.4;177.42;176.13;174.91;2.62;2.21;2.27
288;93211;55.6;0.95;232.5;228.35;6.55;6.3;161.82;156.3;155.72;2.34;1.81;1.96
289;93220;56.4;0.96;233.75;221.5;6.45;6.2;178.54;177.87;178.11;2.66;2.21;2.32
290;93238;52.6;0.96;206.36;203.97;5.61;5.4;165.44;159.56;160.2;2.34;1.84;2
291;93246;52.63;0.98;219.05;207.89;5.92;5.8;155.39;159.61;153.82;2.12;1.79;1.88
292;93254;53.08;0.98;208.03;196.31;5.5;5.4;152.67;155.91;151.01;2.15;1.83;1.83
293;93262;52.49;0.99;214.13;208.76;5.85;5.8;138.91;138.75;134.28;1.97;1.63;1.67
294;93271;53.29;0.98;214.86;210.38;5.89;5.8;164.65;165.56;161.32;2.41;1.99;2.03
295;93289;56.0;0.97;239.74;230.08;6.72;6.5;177.29;173.79;172.31;2.52;2.06;2.17
296;93297;53.23;0.97;227.38;218.72;6.28;6.1;163.77;159.11;156.51;2.37;1.86;1.99
297;93301;56.03;0.98;231.73;223.59;6.45;6.3;168.92;172.1;169.27;2.39;2.04;2.16
298;93319;56.46;0.97;250.12;241.05;7.12;6.9;173.95;172.59;171.6;2.45;2.03;2.12
299;93327;54.09;0.99;218.48;204.91;5.86;5.8;172.11;173.83;169.03;2.46;2.02;2.11
300;93335;54.25;0.96;225.1;218.3;6.23;6.0;169.64;173.62;168.79;2.52;2.09;2.21
301;93343;54.14;0.94;218.28;210.37;5.95;5.6;164.76;166.91;162.51;2.34;1.98;1.99
302;93351;53.59;0.98;230.47;216.94;6.31;6.2;166.69;168.47;167.09;2.34;1.99;2.07
303;93360;53.14;0.96;223.73;221.93;6.27;6.0;160.65;162.85;160.26;2.31;1.95;2.02
304;93378;52.73;0.96;209.36;198.11;5.56;5.3;146.77;144.81;141.62;2.07;1.69;1.7
305;93386;53.21;0.96;221.27;221.14;6.21;6.0;159.07;162.44;158.2;2.25;1.9;1.92
306;93394;51.03;0.94;232.07;215.32;6.31;6.0;160.1;166;158.77;2.3;1.97;1.97
307;93408;53.21;0.97;216.5;202.97;5.79;5.6;177.19;171.57;168.11;2.58;2.06;2.16
308;93416;53.08;0.98;248.63;234.94;6.98;6.8;175.65;178.45;172.68;2.58;2.21;2.24
309;93424;56.0;0.97;218.66;209.77;5.95;5.8;154.46;161.5;155;2.23;1.94;1.95
310;93432;54.04;0.98;220.28;210.45;5.99;5.9;148.67;150.7;145.16;2.08;1.66;1.8
311;93441;55.57;0.98;225.0;215.7;6.18;6.1;160.38;167.56;160.56;2.35;2.01;2.09
312;93459;55.66;0.99;226.99;226.66;6.42;6.3;184.59;186.99;185.08;2.7;2.28;2.41
313;93467;52.58;0.99;220.14;205.59;5.9;5.9;144.38;146.35;143.6;1.93;1.6;1.72
314;93475;54.41;0.98;218.22;208.54;5.92;5.8;174.13;172.66;168.47;2.48;2.08;2.09
315;93483;54.52;0.97;219.31;202.68;5.83;5.6;142.69;146.17;138.96;1.96;1.66;1.64
316;93491;54.47;0.96;216.34;205.84;5.84;5.6;141.23;141.41;137.76;1.95;1.57;1.65
317;93505;52.73;0.99;219.78;217.75;6.12;6.0;162;158.76;157.14;2.36;1.89;2.01
318;93513;52.77;0.99;218.82;206.72;5.9;5.9;157.53;161.13;156.45;2.24;1.87;1.88
319;93521;53.8;0.99;220.46;210.93;6.01;5.9;164.19;171.63;163.58;2.21;2.0;1.99
320;93530;53.27;0.99;213.59;205.33;5.77;5.7;157.88;162.38;156.99;2.15;1.83;1.87
321;93548;51.68;0.93;198.93;194.1;5.29;4.9;127.75;128.38;123.83;1.74;1.46;1.48
322;93556;52.18;0.98;200.12;190.51;5.25;5.1;160.47;164.68;160;2.15;1.83;1.89
323;93564;53.89;0.99;227.22;209.71;6.11;6.1;158.65;163.67;160.33;2.17;1.91;1.98
324;93572;52.16;0.98;219.92;214.22;6.06;5.9;156.88;163.03;157.08;2.28;1.98;1.96
325;93581;53.36;0.99;233.3;221.39;6.44;6.4;158.24;156.3;154.26;2.29;1.87;1.98
326;93599;54.9;0.98;223.49;210.18;6.05;5.9;164.11;165.15;160.15;2.35;1.97;2
327;93602;50.67;0.98;208.01;195.94;5.5;5.4;142.48;139.06;136.16;2.01;1.6;1.65
328;93611;52.63;0.95;216.9;214.19;6.0;5.7;158.64;155.91;155.12;2.31;1.82;1.94
329;93629;56.09;0.98;232.21;225.07;6.49;6.4;178.28;180.71;178.12;2.53;2.11;2.19
330;93637;53.03;0.97;214.54;207.01;5.82;5.6;149.34;147.89;146.59;2.08;1.66;1.82
331;93645;51.99;0.99;221.87;219.2;6.18;6.1;142.88;140.53;141.29;1.95;1.55;1.69
332;93653;50.9;0.97;199.2;190.59;5.23;5.1;154.13;149.36;148.21;2.2;1.78;1.83
333;93661;52.99;0.92;207.7;193.31;5.44;5.0;148.79;151.5;143.63;2.07;1.71;1.74
334;93670;54.22;0.98;240.11;215.0;6.46;6.3;177.36;182.26;173.76;2.62;2.28;2.25
335;93688;55.53;1.0;226.2;220.87;6.3;6.3;177.17;176.29;174.67;2.55;2.14;2.23
336;93696;55.27;0.98;221.33;218.74;6.16;6.1;171.39;175.46;169.96;2.49;2.05;2.09
337;93700;53.77;0.99;231.54;218.83;6.36;6.3;163.01;164.71;160.47;2.36;2.0;2.04
338;93718;51.52;0.97;219.49;200.1;5.79;5.6;145.98;150.54;145.87;2.06;1.77;1.81
339;93726;53.08;0.98;217.16;203.23;5.8;5.7;152.33;158.85;152.75;2.13;1.86;1.86
340;93734;54.1;0.97;216.17;202.31;5.77;5.6;167.88;163.14;164.07;2.27;1.75;1.95
341;93742;56.41;0.97;227.2;224.75;6.39;6.2;166.23;163.84;160.81;2.35;1.94;2.03
342;93751;54.39;0.96;227.03;219.83;6.29;6.0;168.4;163.89;162.67;2.45;1.97;2.1
343;93769;54.36;0.99;211.33;201.95;5.67;5.6;151.17;149.6;147.63;2.11;1.69;1.85
344;93777;54.94;0.98;230.58;217.47;6.32;6.2;170.87;166.1;164.58;2.43;1.89;2.06
345;93785;53.21;0.98;220.55;214.97;6.08;6.0;166.76;165.13;162.03;2.36;1.92;2
346;93793;53.14;0.99;213.55;211.19;5.88;5.8;157.29;158.03;154.38;2.23;1.78;1.9
347;93807;52.7;0.99;215.6;205.36;5.81;5.8;167.38;170.14;164.64;2.33;1.97;2.03
348;93815;52.66;0.99;217.56;201.34;5.78;5.7;153.41;150.51;149.98;2.14;1.72;1.84
349;93823;53.32;1.0;221.26;211.22;6.03;6.0;165.54;169.73;162.88;2.37;2.02;2.07
350;93831;51.68;0.96;206.58;196.01;5.47;5.2;157.25;158.73;153.34;2.15;1.77;1.85
351;93840;52.5;0.96;228.11;221.8;6.35;6.1;172.48;167.45;165.72;2.51;2.04;2.11
352;93858;54.43;0.98;219.31;214.08;6.04;5.9;161;159.04;158.19;2.32;1.88;1.99
353;93866;53.74;0.95;234.51;219.48;6.43;6.1;167.34;162.85;162.17;2.42;1.93;2.07
354;93874;51.91;0.99;221.93;213.01;6.07;6.0;163.86;162.61;158.92;2.38;2;2.01
355;93882;52.55;1.0;227.1;205.6;6.04;6.0;155.87;157.51;153.14;2.12;1.76;1.81
356;93891;50.95;0.89;203.21;194.34;5.38;4.8;138.39;145.55;138.78;1.9;1.61;1.63
357;93904;51.56;0.93;229.45;207.69;6.12;5.7;155.3;156.11;150.63;2.21;1.86;1.86
358;93912;56.8;0.98;241.96;229.41;6.75;6.6;170.11;173.1;169.25;2.46;2.1;2.15
359;93921;52.86;0.97;223.79;212.02;6.09;5.9;172.15;171.64;166.65;2.42;2.05;2.09
360;93939;53.03;0.96;213.66;201.72;5.71;5.5;143.67;140.25;138.72;1.98;1.56;1.64
361;93947;57.36;0.93;231.94;228.69;6.55;6.1;169.28;179.48;168.05;2.39;2.17;2.12
362;93955;57.53;0.98;245.92;227.93;6.8;6.6;161.42;164.2;156.21;2.35;2;1.98
363;93963;56.34;0.98;230.79;217.03;6.31;6.2;163.09;158.54;157;2.3;1.87;1.98
364;93971;54.35;0.97;223.18;207.46;6.0;5.8;155.42;155.05;151.1;2.18;1.85;1.89
365;93980;56.4;0.96;208.61;201.03;5.6;5.4;172.29;176.62;171.23;2.5;2.14;2.13
366;93998;53.42;0.97;212.12;200.17;5.65;5.5;162.57;163.21;157.7;2.27;1.87;1.93
367;94005;55.99;0.98;238.28;222.76;6.56;6.4;164.71;169.88;163.7;2.32;1.96;2.01
368;94013;55.35;0.98;227.76;218.42;6.28;6.1;171.47;171.15;165.22;2.54;2.05;2.14
369;94021;56.42;0.97;213.43;213.17;5.91;5.7;170.82;165.84;166;2.44;1.92;2.11
370;94030;54.12;0.98;239.9;224.41;6.62;6.5;163.5;165.11;161.45;2.33;1.9;1.97
371;94048;52.81;0.97;227.21;217.59;6.26;6.0;161.09;164.77;159.29;2.34;1.97;1.98
372;94056;54.61;0.98;222.99;220.3;6.23;6.1;164.41;163.23;161.29;2.35;1.9;1.96
373;94064;52.89;0.95;211.75;203.85;5.71;5.4;153.11;148.86;147.62;2.11;1.72;1.81
374;94072;52.78;0.95;211.83;200.38;5.65;5.4;134.88;143.78;137.15;1.86;1.67;1.64
375;94081;54.53;1.0;234.27;226.12;6.55;6.5;148.28;155.43;150.57;2.13;1.83;1.87
376;94099;55.82;0.97;216.03;205.75;5.83;5.7;162.85;163.24;163.73;2.36;1.94;2.07
377;94102;56.66;0.98;229.91;220.85;6.37;6.2;164.12;164.17;161.47;2.31;1.93;2.01
378;94111;55.41;0.99;220.9;213.91;6.07;6.0;151.01;163.93;155.77;2.07;1.93;1.93
379;94129;57.78;0.99;234.02;230.08;6.61;6.6;173.38;169.05;167.29;2.53;1.97;2.11
380;94137;52.26;0.95;229.03;211.08;6.17;5.8;172.12;167.5;167.32;2.55;2.04;2.15
381;94145;51.29;0.93;219.1;207.42;5.92;5.5;158.86;155.64;156.31;2.29;1.88;1.98
382;94153;52.8;0.96;216.21;202.39;5.77;5.5;164.54;175.86;162.98;2.32;2.14;2.06
383;94161;53.76;0.93;212.83;211.49;5.87;5.5;160.25;154.23;155.17;2.32;1.82;1.97
384;94170;56.5;0.98;203.99;199.4;5.48;5.4;163.81;157.62;156.44;2.33;1.83;1.97
385;94188;52.49;0.99;217.39;210.48;5.94;5.9;147.28;148.72;143.91;2.07;1.72;1.8
386;94196;53.11;0.99;209.83;205.04;5.7;5.7;145.02;145.15;143.6;2;1.63;1.72
387;94200;50.02;0.96;187.33;167.93;4.59;4.4;124.31;137.29;126.89;1.62;1.53;1.44
388;94218;52.15;0.95;208.4;201.36;5.6;5.3;156.41;159.55;155.96;2.15;1.85;1.92
389;94226;52.22;0.99;219.12;204.59;5.87;5.8;155.49;160.54;152.32;2.11;1.81;1.82
390;94234;52.55;0.97;212.01;204.95;5.74;5.6;145.84;153.7;147.56;1.96;1.74;1.75
391;94242;54.06;0.97;226.18;211.04;6.12;5.9;155.56;152.33;149.81;2.18;1.73;1.84
392;94251;55.13;0.97;219.8;207.64;5.93;5.8;159.99;163.66;157.56;2.26;1.86;1.93
393;94269;49.97;0.99;201.5;195.59;5.37;5.3;136.24;133.34;131.89;1.87;1.5;1.56
394;94277;50.49;0.95;198.84;188.81;5.19;5.0;134.01;133.5;126.82;1.73;1.39;1.43
395;94285;54.24;0.99;213.86;204.77;5.77;5.7;161.22;158.47;156.57;2.2;1.82;1.91
396;94293;51.2;0.93;213.37;204.91;5.76;5.3;151.39;142.72;141.07;2.12;1.6;1.69
397;94307;53.64;0.99;219.48;209.78;5.97;5.9;170.93;164.73;163.7;2.45;1.92;2.08
398;94315;51.76;0.96;205.98;200.41;5.54;5.3;150.37;150.71;144.38;2.13;1.77;1.77
399;94323;53.78;0.95;212.09;195.26;5.56;5.3;158.52;157.71;154.18;2.16;1.82;1.9
400;94331;51.69;0.95;213.73;204.21;5.76;5.4;142.36;137.93;135.82;1.95;1.5;1.6
401;94340;51.8;0.98;198.06;181.13;5.04;5.0;139.77;143.73;137.67;1.8;1.52;1.52
402;94358;55.87;0.99;218.54;202.08;5.81;5.7;158.76;158.01;154.9;2.25;1.85;1.92
403;94366;54.72;0.97;226.44;215.01;6.19;6.0;157.12;161.27;155.29;2.2;1.87;1.91
404;94374;50.86;0.97;202.36;182.29;5.14;5.0;143.5;141.08;142.97;1.94;1.52;1.66
405;94382;49.74;0.97;200.15;191.46;5.26;5.1;135.14;137.44;133.76;1.88;1.61;1.59
406;94391;55.36;0.98;232.12;217.77;6.35;6.2;163.58;162.59;156.46;2.36;1.9;1.98
407;94404;55.74;0.96;223.25;215.5;6.14;5.9;166.75;173.26;167.44;2.33;2.03;2.06
408;94412;55.92;0.99;213.04;189.59;5.48;5.4;151.34;160.6;151.46;2.09;1.86;1.86
409;94421;55.86;0.93;228.02;225.99;6.42;6.0;171.5;181.76;174.17;2.54;2.21;2.26
410;94439;53.36;0.95;215.79;212.27;5.94;5.6;145.96;151.97;145.31;2.11;1.73;1.83
411;94447;50.59;0.93;201.63;189.32;5.25;4.9;113.04;114.09;111.59;1.52;1.28;1.32
412;94455;54.26;0.97;226.84;215.64;6.21;6.0;152.77;150.65;143.28;2.11;1.7;1.81
413;94463;51.74;0.93;193.93;176.62;4.88;4.5;143.93;147;142.46;1.98;1.66;1.72
414;94471;52.24;0.98;215.27;198.47;5.68;5.5;142.17;156.74;144.24;2.0;1.78;1.74
415;94480;53.87;1.0;235.28;221.46;6.48;6.5;175.08;176.89;174;2.5;2.1;2.17
416;94498;52.79;1.0;210.21;198.55;5.59;5.6;155.39;164.15;158.14;2.2;1.93;1.97
417;94501;54.96;0.96;235.01;230.46;6.64;6.4;175.72;177.25;173.2;2.49;2.11;2.18
418;94510;54.88;0.99;212.26;213.7;5.9;5.9;169.35;170.64;166.94;2.35;1.94;2.06
419;94528;54.01;0.97;213.45;209.82;5.85;5.7;163.23;161.98;160.14;2.35;1.94;2.06
420;94536;53.84;0.93;223.14;210.24;6.04;5.6;146.4;151.93;144.13;2.1;1.74;1.83
421;94544;51.63;0.94;222.84;216.61;6.16;5.8;157.77;152.73;147.9;2.23;1.82;1.91
422;94552;57.18;1.0;237.96;217.97;6.47;6.4;184.47;174.22;179.45;2.64;2.1;2.33
423;94561;57.22;0.97;244.75;229.64;6.81;6.6;170.39;174.82;173.58;2.45;2.07;2.15
424;94579;55.74;0.98;214.07;213.86;5.94;5.8;172.42;174.41;168.12;2.51;2.1;2.13
425;94587;55.15;0.95;227.01;214.24;6.19;5.9;181.36;180.79;174.92;2.69;2.26;2.38
426;94595;55.42;0.97;222.67;204.7;5.94;5.8;147.54;144.22;143.9;2.03;1.67;1.77
427;94609;53.78;0.96;223.52;221.44;6.26;6.0;153.06;154.29;149.98;2.11;1.73;1.83
428;94617;54.09;0.98;229.79;218.45;6.32;6.2;170.25;172.82;166.98;2.4;2.07;2.11
429;94625;48.34;0.96;215.77;208.19;5.87;5.6;140.04;138.32;134.79;1.9;1.52;1.62
430;94633;50.17;0.99;238.66;228.6;6.67;6.6;159.51;160.31;155.3;2.28;1.89;1.99
431;94641;52.27;0.98;205.34;198.2;5.49;5.4;152.87;151.46;148.65;2.1;1.67;1.75
432;94668;54.69;0.98;211.79;197.42;5.6;5.5;147.8;154.02;147.96;2.06;1.77;1.72
433;94676;53.11;0.94;221.99;217.44;6.15;5.8;152.6;158.3;153.78;2.12;1.84;1.89
434;94684;54.19;0.96;228.91;225.6;6.43;6.2;159.75;158.73;156.71;2.2;1.85;1.98
435;94692;55.9;0.98;227.34;224.38;6.38;6.3;163.32;165.39;166.12;2.29;1.92;2.02
436;94706;56.28;0.99;229.45;217.59;6.3;6.2;158.5;160.17;157.88;2.27;1.85;1.96
437;94714;56.59;0.98;229.96;218.22;6.32;6.2;164.45;162.05;160.2;2.31;1.9;2.02
438;94722;52.38;0.96;212.15;200.49;5.66;5.4;149.81;160.89;152.16;2.05;1.92;1.86
439;94731;53.06;0.94;228.04;210.28;6.14;5.8;169.47;172.07;166.04;2.42;2.04;2.09
440;94749;54.62;0.97;234.49;230.88;6.64;6.4;166.95;164.45;162.52;2.42;2;2.07
441;94757;52.53;0.97;221.23;212.29;6.05;5.8;151.03;156.06;149.41;2.13;1.86;1.86
442;94765;57.38;0.98;241.81;230.07;6.76;6.6;162.87;166.88;164.29;2.36;2.02;2.11
443;94773;51.73;0.95;234.11;221.62;6.46;6.1;165.92;152.58;158.49;2.44;1.81;2.01
444;94781;55.79;0.94;234.25;220.68;6.45;6.1;153.55;158.37;154.7;2.26;1.93;2
445;94790;57.08;0.97;243.43;233.74;6.86;6.6;179.41;178.14;175.19;2.52;2.12;2.2
446;94803;50.64;0.95;215.3;206.86;5.83;5.6;139.03;135.99;135.03;1.82;1.45;1.49
447;94811;51.21;0.94;207.53;200.84;5.58;5.3;147.42;150.89;145.29;2.02;1.66;1.7
448;94820;53.67;0.97;215.23;208.17;5.86;5.7;170.62;171.92;166.34;2.45;2.04;2.11
449;94838;51.1;0.97;219.26;209.19;5.95;5.8;154.39;159.2;155.8;2.18;1.9;1.94
450;94846;53.49;1.0;226.46;211.04;6.12;6.1;164.59;167.18;163.7;2.38;1.98;2.03
451;94854;52.89;0.96;206.48;198.11;5.51;5.3;158.31;150.63;151.61;2.19;1.68;1.8
452;94862;51.43;0.97;206.75;193.55;5.43;5.3;140.82;141.4;136.72;1.88;1.56;1.57
453;94871;53.53;0.98;217.15;202.34;5.79;5.7;163.16;160.71;159.72;2.25;1.83;1.94
454;94889;49.54;0.86;178.4;165.72;4.38;3.8;138.38;139.48;131.87;1.87;1.54;1.55
455;94897;54.22;0.98;217.91;210.68;5.95;5.8;151.43;151.1;147.17;2.18;1.75;1.87
456;94901;54.5;0.97;227.85;221.62;6.34;6.1;170.31;171.04;168.09;2.54;2.11;2.16
457;94919;55.5;0.94;221.93;215.3;6.11;5.8;150.9;151.03;147.67;2.11;1.73;1.79
458;94927;53.56;0.97;214.33;203.63;5.76;5.6;159.42;162.57;157.79;2.29;1.92;1.96
459;94935;54.15;0.96;230.47;213.88;6.25;6.0;174.77;175.38;173.28;2.46;2.14;2.2
460;94943;55.41;0.97;232.05;219.99;6.39;6.2;172.83;174.07;169.11;2.5;2.1;2.11
461;94951;53.17;0.97;224.17;211.61;6.09;5.9;152.2;151.87;146.92;2.19;1.8;1.85
462;94960;54.64;0.98;238.01;222.25;6.55;6.4;179.64;176.62;175.11;2.54;2.09;2.22
463;94978;52.61;0.97;229.56;215.85;6.27;6.1;146.98;148.17;143.98;2;1.64;1.72
464;94986;55.21;0.98;238.04;226.64;6.63;6.5;175.46;175.98;172.08;2.46;2.06;2.12
465;94994;51.89;0.93;222.71;212.45;6.08;5.7;160.08;158.13;155.76;2.29;1.89;2
466;95001;53.26;0.99;221.88;220.24;6.2;6.1;166.89;168.23;158.84;2.4;2;2.03
467;95010;54.13;0.97;214.7;203.78;5.77;5.6;161.47;155.84;157.7;2.21;1.74;1.88
468;95028;54.11;0.92;232.11;216.78;6.34;5.8;170.18;175.23;169.94;2.37;1.96;2.06
469;95036;55.1;0.99;235.76;231.54;6.67;6.6;182.88;178.58;176.95;2.67;2.18;2.27
470;95044;50.58;0.99;202.68;198.92;5.45;5.4;157.97;164.01;155.7;2.18;1.94;1.95
471;95052;54.93;0.98;236.54;233.98;6.73;6.6;192.22;185.62;181.78;2.87;2.24;2.39
472;95061;50.76;0.98;222.54;214.65;6.11;6.0;166.22;174.55;166.71;2.33;2.04;2.05
473;95079;54.91;1.0;233.8;220.21;6.43;6.4;169.78;173.54;167.49;2.46;2.13;2.2
474;95087;55.33;0.98;247.05;231.93;6.9;6.8;185.27;181.19;178.34;2.71;2.19;2.3
475;95095;55.33;0.98;229.58;222.31;6.39;6.3;175.34;173.63;173.25;2.54;2.09;2.27
476;95109;54.34;0.96;216.5;217.46;6.05;5.8;170.31;162.98;164.59;2.43;1.93;2.08
477;95117;56.47;0.95;235.26;225.7;6.56;6.3;167.12;170.48;160.99;2.37;2.03;2.03
478;95125;57.17;0.99;251.96;233.92;7.03;7.0;185.71;187.87;184.88;2.67;2.24;2.31
479;95133;56.36;0.98;237.45;212.08;6.35;6.2;158.03;157.87;157.18;2.19;1.77;1.92
480;95141;51.67;0.95;216.32;210.03;5.91;5.6;140.83;147.5;140.44;1.98;1.68;1.71
481;95150;53.91;0.98;212.76;197.98;5.62;5.5;156.12;164.23;156.07;2.18;1.89;1.9
482;95168;55.8;0.96;213.46;204.43;5.75;5.5;166.63;159.01;161.13;2.35;1.83;1.99
483;95176;53.37;0.98;222.92;216.81;6.16;6.0;147.34;147.57;144.4;2.03;1.68;1.74
484;95184;58.35;0.98;232.96;225.97;6.52;6.4;189.94;189.72;186.05;2.72;2.31;2.4
485;95192;54.17;0.98;216.02;213.67;5.97;5.8;147.33;155.68;146.65;2.11;1.87;1.86
486;95206;51.4;0.99;212.68;207.87;5.8;5.8;173.81;177.05;171;2.47;2.07;2.15
487;95214;54.18;0.96;238.56;214.76;6.42;6.1;181.54;174.34;181.12;2.58;2.16;2.31
488;95222;50.95;0.99;182.72;164.21;4.44;4.4;142.25;145.62;142.34;1.87;1.55;1.6
489;95231;52.85;0.99;224.39;209.44;6.05;6.0;162.57;162.84;156.91;2.29;1.89;1.94
490;95249;51.49;0.98;211.21;210.75;5.83;5.7;161.03;156.15;154.27;2.2;1.81;1.92
491;95257;51.65;0.97;206.93;203.73;5.62;5.5;141.34;144.38;140.02;1.91;1.57;1.7
492;95265;54.05;0.93;232.45;222.74;6.45;6.0;160.03;161.45;154.49;2.24;1.9;1.94
493;95273;56.41;0.97;240.78;236.76;6.86;6.6;168.29;163.68;160.23;2.44;2.0;2.05
494;95281;55.43;0.99;237.31;217.17;6.44;6.4;166.82;166.48;160.99;2.46;2.02;2.08
495;95290;54.31;0.96;235.11;221.71;6.48;6.2;177.82;171.19;173.2;2.58;2.16;2.23
496;95303;54.09;1.0;261.46;241.33;7.34;7.3;183.55;176.99;176.77;2.74;2.32;2.34
497;95311;55.81;0.97;205.0;212.68;5.74;5.6;174.07;178.31;172.29;2.54;2.23;2.24
498;95320;50.96;0.99;216.93;206.78;5.86;5.8;151.01;147.76;148.04;2.05;1.6;1.8
499;95338;53.9;0.98;215.01;204.26;5.78;5.7;157.26;163.21;153.43;2.21;1.89;1.9
500;95346;52.67;0.99;246.8;232.03;6.89;6.8;165.34;166.53;162.34;2.38;1.98;2.05
501;95354;52.19;0.99;220.22;208.42;5.96;5.9;166.69;166.07;165.89;2.34;1.95;2.1
502;95362;56.3;0.98;235.25;237.66;6.77;6.6;166.69;162.59;162.1;2.43;1.93;2.11
503;95371;56.98;0.98;231.06;227.5;6.51;6.4;191.2;191.3;188.83;2.72;2.29;2.36
504;95389;55.71;0.99;239.76;224.95;6.63;6.5;171.31;165.98;164.04;2.49;1.99;2.1
505;95397;54.2;0.97;235.81;208.38;6.25;6.1;152.72;171.27;158.31;2.17;2.05;1.99
506;95401;55.6;0.97;232.95;220.15;6.41;6.2;158.52;158.91;154.05;2.3;1.89;1.92
507;95419;57.19;0.98;247.98;230.45;6.89;6.7;185.59;195.29;188.93;2.69;2.44;2.42
508;95427;53.57;0.98;231.34;221.88;6.41;6.3;176.02;174.24;172;2.45;2.01;2.12
509;95435;53.32;0.97;218.47;215.91;6.06;5.9;175.24;168.45;167.13;2.46;1.94;2.12
510;95443;52.02;1.0;218.34;207.73;5.91;5.9;154.97;168.39;158.47;2.17;1.92;1.89
511;95451;53.71;0.97;234.96;216.42;6.38;6.2;166.41;164.15;161.98;2.35;1.92;2.01
512;95460;54.51;0.97;227.22;225.07;6.39;6.2;172.17;171.42;168.65;2.47;2.06;2.15
513;95478;51.69;0.98;230.61;215.76;6.29;6.2;148.73;157.34;149.14;2.07;1.79;1.82
514;95494;51.72;0.99;224.04;215.22;6.15;6.1;146.29;149.81;146.74;1.99;1.68;1.77
515;95508;49.99;0.94;204.31;190.14;5.32;5.0;131.39;130.67;128.78;1.8;1.42;1.48
516;95516;52.94;0.97;215.32;212.13;5.93;5.8;156.89;153.23;151.56;2.27;1.82;1.91
517;95524;51.9;0.99;217.3;206.6;5.87;5.8;157.98;159.26;153.32;2.23;1.86;1.9
518;95532;52.05;0.97;216.0;205.19;5.82;5.6;162.94;156.86;153.48;2.27;1.77;1.88
519;95541;53.86;0.99;227.0;220.41;6.3;6.3;175.05;177.65;177.28;2.54;2.24;2.29
520;95559;55.34;0.99;221.51;210.13;6.01;6.0;168.67;170.9;165.12;2.4;2.05;2.1
521;95567;50.71;0.97;208.88;195.94;5.51;5.3;144.91;158.84;148.84;1.98;1.83;1.79
522;95575;51.94;0.95;227.79;208.78;6.11;5.8;158.64;153.71;151.75;2.27;1.81;1.93
523;95583;52.92;0.97;229.02;220.72;6.35;6.1;175.11;170.7;166.46;2.62;2.11;2.18
524;95591;51.28;0.95;204.59;189.64;5.32;5.1;136.76;144.79;137.97;1.89;1.65;1.62
525;95605;51.66;0.97;213.41;199.02;5.66;5.5;154.39;145.9;147.48;2.2;1.74;1.82
526;95613;53.78;0.98;227.69;218.45;6.28;6.2;176.95;175.4;172.72;2.5;2.01;2.19
527;97047;53.62;0.98;210.39;194.24;5.51;5.4;158.71;159.03;156.83;2.3;1.96;1.98
528;97055;52.23;0.97;214.49;209.75;5.87;5.7;141.65;144.22;139.9;1.94;1.63;1.72
529;97063;52.58;0.98;206.45;195.49;5.46;5.4;140.52;138.7;136.07;2.09;1.69;1.77
530;97705;52.34;0.97;213.13;204.41;5.75;5.6;160.11;156.95;154.55;2.3;1.8;1.92
531;97713;53.21;0.98;226.72;214.15;6.18;6.1;154.07;158;152.91;2.18;1.81;1.88
532;97721;51.42;0.94;211.36;206.05;5.74;5.4;149.1;156.92;149.12;2.1;1.82;1.82
533;99091;51.32;0.98;235.57;215.54;6.38;6.3;167.23;168.58;163.88;2.37;1.98;2.04
534;99104;54.19;0.97;221.74;215.68;6.12;6.0;187.87;174.81;178.66;2.73;2.05;2.28
535;99112;55.8;0.99;230.03;225.64;6.46;6.4;175.52;169.2;172.15;2.43;1.82;2.05
536;99121;53.41;0.98;222.79;209.64;6.03;5.9;175.35;179.68;174.76;2.52;2.18;2.2
537;99139;51.92;0.94;222.3;215.61;6.13;5.8;163.56;163.52;160.64;2.35;1.91;2
538;99228;55.32;0.95;214.37;211.06;5.89;5.6;174.43;174.69;169.76;2.49;2.06;2.17
539;99236;53.26;0.96;223.35;211.04;6.06;5.8;186.24;181.87;179.5;2.67;2.2;2.29
540;99261;57.36;0.98;231.46;227.12;6.51;6.4;189.42;195.24;186.91;2.84;2.47;2.49
541;99287;50.1;0.96;212.61;207.43;5.79;5.6;154.51;155.53;152.11;2.21;1.86;1.86
542;99325;52.24;0.97;211.28;208.46;5.79;5.6;149.3;147.71;146.87;2.08;1.65;1.79
543;99350;51.86;0.92;222.8;209.91;6.03;5.6;161.04;151.47;152.44;2.31;1.73;1.88
544;99589;52.14;0.95;213.97;198.87;5.66;5.4;158.32;199;131.26;2.25;1.15;1.72
545;99651;53.68;0.99;215.78;214.47;5.98;5.9;150.45;155.68;151.98;2.1;1.82;1.83
546;99660;54.97;0.97;235.68;223.97;6.53;6.3;175.93;171.36;170.79;2.56;2.03;2.15
547;99678;53.73;0.99;219.73;202.86;5.85;5.8;170.98;179.03;169.5;2.31;2.08;2.04
548;99686;53.81;0.98;231.46;222.51;6.43;6.3;156.76;164.68;156.83;2.24;2.02;2.01
549;99783;51.74;0.96;219.38;201.51;5.81;5.6;145.87;143;139.73;2.01;1.56;1.69
550;99791;53.71;0.95;235.07;225.01;6.54;6.2;161.37;160.12;158.62;2.31;1.87;2.02
551;99792;53.21;1.0;214.1;202.44;5.73;5.7;164.32;159.87;158.16;2.44;1.94;2.03